address,dateOfBirth,email,firstName,lastName,phone
1955 Pine Road,1955-01-03,frank.taylor@demo.com,Charlie,Moore,7202419116
8281 Elm Street,1991-03-11,bob.moore@mail.com,Hannah,Brown,4115314416
4694 Elm Street,1951-03-28,john.taylor@mail.com,John,Williams,4229372269
4115 Maple Ave,1971-09-10,charlie.johnson@example.com,Alice,Johnson,2908344244
2075 Elm Street,1973-10-14,emily.wilson@example.com,Hannah,Brown,4192469603
8328 Wright Island,1999-03-03,charlie.williams@demo.com,Grace,Wilson,6731064201
6028 Elm Street,1993-12-31,grace.davis@sample.com,David,Moore,6387419983
9142 Wright Island,1986-12-08,frank.moore@test.com,Jane,Davis,5128119974
2909 Elm Street,2003-11-06,frank.moore@test.com,John,Taylor,7842573977
5113 Maple Ave,1995-10-05,frank.smith@test.com,Bob,Jones,2003291111
2677 Oak Drive,2001-03-11,grace.davis@mail.com,Grace,Jones,8018421492
8964 Maple Ave,1968-09-16,bob.smith@example.com,Grace,Wilson,6649590302
6351 Pine Road,1995-03-28,grace.jones@sample.com,Hannah,Wilson,6489317612
1591 Elm Street,1956-12-26,charlie.taylor@demo.com,Emily,Jones,6865735159
1458 Oak Drive,1950-07-01,john.wilson@mail.com,Emily,Moore,2413512204
2145 Pine Road,1994-09-21,alice.moore@sample.com,Jane,Williams,9586501032
5838 Pine Road,1959-04-11,charlie.johnson@example.com,Frank,Davis,4846193127
3213 Wright Island,2005-04-28,frank.davis@test.com,Grace,Williams,9767130756
5470 Maple Ave,1987-10-21,frank.smith@example.com,Jane,Miller,1961993716
4857 Maple Ave,1955-05-04,david.johnson@test.com,Hannah,Williams,1805131660
5319 Pine Road,2000-12-29,emily.williams@sample.com,Hannah,Jones,5658924925
4388 Pine Road,1961-07-13,john.johnson@sample.com,Hannah,Moore,2294561473
5302 Elm Street,1982-03-19,charlie.smith@example.com,Jane,Smith,2752465219
6993 Maple Ave,1977-12-30,alice.johnson@sample.com,David,Wilson,5197888604
1447 Elm Street,1993-02-22,charlie.wilson@demo.com,Alice,Brown,9047969025
2932 Maple Ave,1999-08-26,jane.williams@mail.com,Emily,Brown,8073552312
3011 Oak Drive,1958-02-25,charlie.miller@test.com,Charlie,Miller,1664766105
5735 Pine Road,1952-10-12,hannah.jones@demo.com,Charlie,Davis,2078575922
4771 Pine Road,1980-02-26,charlie.wilson@sample.com,John,Miller,9918455277
5770 Elm Street,1975-12-12,charlie.williams@sample.com,Frank,Williams,6717229432
5064 Wright Island,1956-09-24,alice.taylor@demo.com,Emily,Williams,7109656255
8919 Elm Street,1988-08-22,john.miller@example.com,Alice,Johnson,7128129205
1641 Pine Road,1980-03-02,frank.taylor@sample.com,Bob,Smith,4627848845
7764 Maple Ave,1978-12-23,bob.johnson@test.com,Alice,Smith,9920736082
5022 Oak Drive,1961-04-07,john.taylor@demo.com,David,Wilson,8735093796
1391 Wright Island,1986-02-26,emily.brown@mail.com,Hannah,Williams,8340496347
4126 Wright Island,1954-12-22,bob.brown@sample.com,Frank,Smith,1347517774
5373 Elm Street,1953-11-14,charlie.johnson@test.com,Hannah,Davis,2919429997
2059 Maple Ave,1952-02-15,grace.jones@demo.com,Jane,Johnson,1939858727
3853 Pine Road,1953-07-22,hannah.brown@test.com,John,Smith,6732219471
4410 Pine Road,1996-08-10,charlie.davis@demo.com,Jane,Brown,3674962665
3554 Oak Drive,1977-07-28,david.taylor@demo.com,Jane,Miller,2791021633
5870 Maple Ave,1956-11-28,frank.brown@test.com,Jane,Johnson,9066465019
6085 Elm Street,1957-12-20,alice.johnson@sample.com,Grace,Moore,4788461517
2147 Oak Drive,1987-06-18,hannah.wilson@mail.com,Bob,Jones,7321205656
8445 Oak Drive,1967-09-16,david.jones@sample.com,David,Taylor,4965762908
5824 Maple Ave,1999-10-06,jane.taylor@test.com,Charlie,Johnson,1967096642
4858 Wright Island,1977-05-31,alice.williams@mail.com,Grace,Brown,7090216591
1486 Maple Ave,1961-07-17,charlie.brown@sample.com,Emily,Taylor,4425680285
2167 Elm Street,1980-10-04,emily.brown@mail.com,Emily,Miller,5195523056
9723 Pine Road,1961-02-18,grace.jones@demo.com,David,Wilson,9228610777
5248 Pine Road,1976-12-22,hannah.johnson@demo.com,Frank,Brown,9675956673
4527 Pine Road,1975-07-30,frank.johnson@mail.com,Charlie,Wilson,9714531720
5059 Wright Island,1959-12-11,frank.taylor@demo.com,Emily,Moore,8913241789
3441 Maple Ave,1979-12-27,john.johnson@sample.com,Emily,Moore,7613126948
8287 Oak Drive,1978-05-21,hannah.taylor@test.com,John,Wilson,6457182255
9767 Wright Island,1983-06-14,charlie.johnson@sample.com,David,Moore,6836126656
5031 Oak Drive,2003-08-27,john.smith@test.com,Jane,Jones,9065028136
3242 Pine Road,1967-01-14,alice.smith@sample.com,David,Wilson,5530134841
6086 Elm Street,1955-05-04,frank.williams@test.com,Frank,Brown,2471748913
9136 Elm Street,2004-01-16,alice.moore@mail.com,Emily,Williams,2360603061
3815 Pine Road,2000-02-05,charlie.smith@demo.com,Grace,Smith,1424160084
1255 Pine Road,1960-10-10,david.moore@example.com,David,Davis,4262608490
3222 Elm Street,1971-07-25,charlie.brown@mail.com,Frank,Moore,7616361044
3727 Oak Drive,1995-02-11,david.williams@mail.com,Jane,Miller,7796445941
9654 Pine Road,1974-04-10,charlie.williams@mail.com,Grace,Jones,9515815035
7207 Pine Road,1961-05-09,jane.brown@example.com,Jane,Williams,9089204634
5911 Maple Ave,1974-09-25,david.moore@example.com,Hannah,Miller,9094560544
8230 Wright Island,1987-02-05,grace.taylor@mail.com,Jane,Moore,9736007741
8375 Elm Street,1952-08-29,charlie.smith@example.com,Alice,Taylor,8453383536
9017 Elm Street,1985-09-25,david.smith@example.com,Emily,Johnson,5138762946
2761 Pine Road,1988-11-07,hannah.johnson@demo.com,Jane,Williams,7408562490
4862 Pine Road,1959-05-22,alice.johnson@example.com,John,Miller,2375819712
2891 Oak Drive,1969-07-10,emily.davis@sample.com,John,Miller,2050546060
6276 Oak Drive,1968-04-10,grace.davis@demo.com,John,Smith,2955800651
4249 Pine Road,2000-11-12,david.wilson@example.com,Alice,Smith,8716029123
2678 Oak Drive,1994-11-20,emily.brown@example.com,Charlie,Smith,9873352195
1203 Elm Street,1953-05-24,hannah.johnson@demo.com,Bob,Jones,1000271737
5153 Pine Road,1985-03-22,frank.taylor@example.com,Charlie,Wilson,6485750376
8435 Wright Island,1996-09-20,john.taylor@example.com,Frank,Jones,6068420250
5547 Elm Street,1996-02-15,alice.moore@test.com,Hannah,Smith,8134539920
6276 Maple Ave,1988-08-07,grace.brown@demo.com,Charlie,Jones,6007591491
4071 Pine Road,1952-08-28,jane.brown@test.com,David,Taylor,7749270413
2339 Wright Island,1980-12-07,john.brown@test.com,Alice,Miller,5106143729
4271 Maple Ave,1998-06-21,jane.moore@demo.com,Frank,Johnson,7059125705
2645 Pine Road,1954-04-01,david.taylor@test.com,Frank,Jones,3259191163
6268 Maple Ave,1981-12-31,charlie.smith@example.com,Emily,Wilson,1420875253
4978 Wright Island,1991-11-10,charlie.miller@example.com,Charlie,Davis,5019179897
9036 Maple Ave,1985-05-24,john.moore@sample.com,Bob,Miller,6161011902
2816 Oak Drive,1969-08-16,charlie.wilson@sample.com,David,Moore,9216889386
1463 Oak Drive,1953-03-13,frank.wilson@sample.com,Frank,Williams,1169331720
9391 Maple Ave,1950-04-23,john.moore@sample.com,Grace,Wilson,9750834320
3583 Oak Drive,1983-12-24,john.brown@example.com,Hannah,Moore,4850693591
1315 Maple Ave,1966-10-02,david.miller@mail.com,Alice,Taylor,2887508877
5359 Pine Road,2000-04-21,frank.miller@mail.com,Jane,Taylor,1056680600
2932 Wright Island,1973-03-01,alice.taylor@mail.com,David,Wilson,1514661306
3417 Oak Drive,2000-04-02,jane.williams@demo.com,Alice,Smith,7417158497
4907 Oak Drive,1976-05-08,david.davis@sample.com,Jane,Moore,5245996198
3091 Elm Street,1973-11-04,bob.brown@example.com,Jane,Moore,7782933885
8212 Maple Ave,1976-09-27,frank.brown@mail.com,Charlie,Miller,4139060780
6393 Wright Island,1993-10-19,john.johnson@example.com,Charlie,Moore,9544907861
3206 Oak Drive,2003-11-20,frank.miller@test.com,Charlie,Williams,6520655476
4127 Maple Ave,1968-09-24,jane.wilson@sample.com,Frank,Moore,6318756622
5845 Oak Drive,1957-01-14,emily.johnson@test.com,Alice,Wilson,1650814090
2266 Pine Road,1989-11-22,david.wilson@sample.com,David,Johnson,2413173609
1703 Oak Drive,1957-07-26,grace.taylor@test.com,Jane,Miller,1820584863
2685 Wright Island,2005-04-25,david.jones@test.com,Grace,Miller,1088700434
6022 Oak Drive,1985-01-27,bob.brown@example.com,John,Smith,3875150422
2070 Pine Road,1992-04-12,jane.taylor@mail.com,Charlie,Brown,4282723136
8945 Pine Road,1977-09-26,frank.moore@mail.com,David,Miller,3947477774
4361 Maple Ave,1999-07-28,grace.wilson@mail.com,Charlie,Taylor,9552626597
7714 Elm Street,1955-11-19,grace.miller@test.com,Grace,Johnson,5232466148
6302 Wright Island,1959-08-04,john.jones@sample.com,Hannah,Brown,7459870931
1087 Wright Island,1983-07-19,bob.johnson@test.com,Grace,Taylor,8523289593
5529 Oak Drive,1961-06-07,john.smith@mail.com,John,Taylor,4027871490
6338 Oak Drive,2001-05-22,alice.smith@mail.com,David,Smith,2340576423
4242 Maple Ave,1979-05-23,bob.wilson@mail.com,Charlie,Jones,7271438223
4031 Elm Street,1986-05-13,frank.miller@mail.com,Alice,Moore,2088455763
8374 Pine Road,1965-01-26,bob.brown@demo.com,Bob,Smith,6169664415
2400 Pine Road,1988-10-27,hannah.moore@test.com,Grace,Miller,3549795056
7068 Wright Island,2002-04-06,alice.jones@sample.com,David,Miller,3740085302
5038 Pine Road,1957-12-29,charlie.jones@mail.com,David,Johnson,8590077348
2217 Wright Island,1997-08-30,john.taylor@mail.com,David,Taylor,7463245798
9345 Oak Drive,1995-02-27,alice.taylor@mail.com,Alice,Moore,6424933152
3366 Maple Ave,1955-08-27,frank.miller@demo.com,Grace,Smith,9883910057
2390 Oak Drive,1994-03-24,john.williams@mail.com,Bob,Johnson,2123570528
9588 Oak Drive,1997-10-15,frank.taylor@test.com,Charlie,Miller,3884978200
7695 Elm Street,1971-04-06,charlie.brown@mail.com,Charlie,Davis,2119333821
7470 Oak Drive,1962-09-25,charlie.williams@example.com,David,Smith,2758866082
5833 Oak Drive,2005-03-21,charlie.wilson@sample.com,Charlie,Taylor,5129445556
9055 Wright Island,1979-10-31,david.wilson@demo.com,Grace,Miller,7050316935
4993 Maple Ave,1957-11-04,john.moore@test.com,Alice,Brown,5248496908
5203 Pine Road,1992-12-22,david.johnson@sample.com,John,Moore,6220953273
2673 Pine Road,1954-04-20,emily.wilson@sample.com,David,Johnson,3569393587
3759 Elm Street,2004-06-06,david.wilson@mail.com,John,Wilson,9598103031
2288 Wright Island,1959-07-03,john.wilson@mail.com,Jane,Wilson,2816445774
7968 Wright Island,2002-07-19,hannah.johnson@demo.com,Charlie,Johnson,8058869429
8232 Oak Drive,1966-01-11,charlie.johnson@sample.com,Frank,Moore,1152004019
3141 Elm Street,1975-06-30,frank.johnson@example.com,Hannah,Smith,4079823467
1657 Maple Ave,1983-09-11,bob.johnson@test.com,Charlie,Moore,6046760518
9635 Oak Drive,1969-09-17,bob.smith@example.com,Emily,Johnson,5096491377
5829 Maple Ave,1995-05-27,frank.taylor@test.com,Grace,Brown,9756486348
8319 Elm Street,1972-06-11,grace.wilson@mail.com,Charlie,Moore,5078507423
3899 Maple Ave,2001-12-22,jane.miller@example.com,John,Davis,1040099710
5030 Elm Street,1987-11-06,grace.taylor@demo.com,Charlie,Williams,9874013131
4547 Elm Street,2005-05-08,jane.brown@sample.com,David,Miller,4636649855
1649 Maple Ave,1950-11-27,charlie.moore@example.com,Bob,Miller,1454542140
9994 Elm Street,1953-06-30,david.williams@mail.com,David,Wilson,9378913652
7109 Wright Island,1996-03-27,hannah.jones@mail.com,Bob,Taylor,1750531188
6398 Pine Road,1985-04-13,grace.davis@test.com,Emily,Jones,3126914527
8749 Pine Road,1996-11-15,john.brown@mail.com,Alice,Johnson,6045266417
1196 Oak Drive,1998-07-19,charlie.moore@test.com,Grace,Taylor,5927971434
1122 Pine Road,1952-01-28,alice.williams@example.com,Emily,Brown,2612189048
4253 Maple Ave,1971-12-18,frank.taylor@mail.com,Grace,Taylor,6993731732
5936 Oak Drive,1982-04-16,john.davis@demo.com,Charlie,Taylor,6421001651
4930 Wright Island,1961-05-03,alice.brown@example.com,Frank,Davis,7806727442
3755 Pine Road,1986-03-26,frank.williams@test.com,Jane,Jones,3951666074
1289 Maple Ave,1956-10-04,john.brown@demo.com,Bob,Davis,7616509292
2170 Pine Road,1991-10-11,hannah.moore@demo.com,David,Taylor,1696646192
8863 Wright Island,1979-04-03,david.brown@example.com,Bob,Johnson,3493336506
5399 Oak Drive,1980-05-15,hannah.brown@mail.com,Jane,Davis,6585723838
5024 Maple Ave,1975-08-23,david.davis@example.com,Emily,Jones,5771949986
6391 Wright Island,1996-02-20,bob.taylor@demo.com,Bob,Johnson,5839217582
1347 Wright Island,2005-04-07,john.johnson@test.com,Alice,Brown,6698686311
8384 Maple Ave,1976-11-11,bob.jones@demo.com,John,Brown,9813893489
1864 Oak Drive,1990-10-17,charlie.williams@sample.com,Emily,Smith,5109429093
2096 Wright Island,1997-06-09,emily.taylor@test.com,Frank,Brown,4611795756
8181 Pine Road,1970-02-24,bob.miller@demo.com,Hannah,Moore,3806057180
9546 Wright Island,1966-01-19,frank.taylor@mail.com,Bob,Smith,9582947623
2193 Elm Street,1978-06-22,john.moore@sample.com,David,Brown,9217840636
7262 Wright Island,2005-07-31,bob.williams@example.com,David,Brown,7344297854
2730 Pine Road,1990-10-07,john.davis@mail.com,Hannah,Moore,5266566639
3456 Maple Ave,1981-05-12,grace.miller@mail.com,Alice,Davis,1581692611
3087 Wright Island,1990-04-26,frank.jones@example.com,Hannah,Moore,3804792261
9802 Oak Drive,1953-02-22,emily.johnson@test.com,David,Williams,8579912962
3542 Maple Ave,1982-11-27,hannah.davis@demo.com,Emily,Brown,8308999686
9603 Pine Road,1950-03-02,charlie.williams@test.com,Grace,Taylor,9905367040
8844 Pine Road,1986-09-04,john.moore@example.com,David,Wilson,2303255109
1864 Maple Ave,1986-03-17,bob.brown@mail.com,Jane,Brown,6974830965
5613 Maple Ave,1956-04-24,frank.smith@test.com,Alice,Brown,2335142621
7848 Elm Street,1979-06-10,bob.williams@test.com,Emily,Williams,9512400634
2753 Pine Road,1971-01-06,david.moore@sample.com,Hannah,Williams,1984280186
4131 Wright Island,1964-02-14,emily.johnson@mail.com,Emily,Moore,3815210260
9969 Pine Road,1954-11-30,alice.moore@example.com,Bob,Brown,8096806028
3147 Pine Road,1978-02-01,hannah.smith@test.com,Emily,Johnson,5759579084
2510 Oak Drive,1978-05-08,bob.moore@mail.com,Grace,Moore,7750712984
3366 Elm Street,2002-09-05,emily.jones@mail.com,Grace,Johnson,4104788231
1113 Maple Ave,1984-02-22,bob.wilson@sample.com,David,Jones,4417877314
2126 Elm Street,1965-08-10,alice.wilson@demo.com,Bob,Moore,3231653994
6840 Maple Ave,1988-12-07,jane.moore@demo.com,Frank,Johnson,3158591307
2502 Wright Island,1950-11-17,emily.brown@demo.com,Grace,Taylor,7497217387
8888 Elm Street,1979-03-10,david.taylor@mail.com,David,Brown,4358520722
7101 Elm Street,1955-09-08,frank.moore@example.com,Frank,Miller,9397592749
3338 Oak Drive,1993-08-01,jane.taylor@mail.com,Emily,Williams,2446812022
9860 Elm Street,2003-12-05,bob.taylor@test.com,Jane,Johnson,9201446770
7547 Oak Drive,1954-01-02,charlie.davis@example.com,Grace,Smith,5001563128
3961 Maple Ave,1984-01-14,frank.jones@test.com,Frank,Moore,3988259860
3352 Wright Island,1988-02-10,hannah.wilson@demo.com,Alice,Brown,5092274900
9866 Maple Ave,1994-12-29,john.davis@sample.com,Charlie,Taylor,3672869395
5785 Wright Island,2004-09-08,john.moore@test.com,Emily,Moore,4395868842
3284 Elm Street,2000-01-13,hannah.jones@sample.com,Bob,Brown,5183716202
7086 Maple Ave,1961-12-12,frank.taylor@sample.com,Jane,Miller,6387203435
7232 Pine Road,1959-07-15,emily.williams@test.com,Bob,Williams,7706163561
8470 Wright Island,1993-08-14,frank.miller@example.com,Charlie,Miller,1860648962
3012 Elm Street,2000-04-16,alice.jones@sample.com,Charlie,Moore,6071326606
5685 Maple Ave,1985-07-26,grace.wilson@mail.com,Alice,Moore,2457624252
1777 Elm Street,2005-03-18,jane.brown@demo.com,Bob,Taylor,7028819522
4570 Oak Drive,1994-09-04,alice.smith@sample.com,Frank,Smith,4041555095
8336 Pine Road,2002-09-21,charlie.moore@demo.com,Alice,Brown,7813208839
6841 Pine Road,1978-02-27,charlie.brown@example.com,Frank,Davis,1882363717
6939 Pine Road,1950-01-27,grace.johnson@sample.com,Grace,Moore,5994225572
6953 Elm Street,1967-09-26,emily.miller@test.com,Emily,Williams,2659313609
1792 Pine Road,1956-03-18,charlie.wilson@demo.com,David,Brown,4267522422
5167 Maple Ave,2005-06-23,charlie.davis@demo.com,Hannah,Smith,1165300124
1287 Pine Road,1986-11-11,jane.moore@example.com,David,Johnson,9425185939
3020 Wright Island,1988-01-24,bob.jones@sample.com,Frank,Taylor,1696010715
2017 Oak Drive,1981-01-26,frank.smith@example.com,Grace,Brown,8209522436
4623 Wright Island,1985-11-26,charlie.smith@demo.com,Jane,Taylor,1035799350
6742 Oak Drive,2000-09-28,alice.moore@demo.com,Hannah,Moore,1963263501
9741 Wright Island,1982-09-09,frank.moore@demo.com,Hannah,Johnson,4118292850
3817 Elm Street,1987-07-24,hannah.jones@demo.com,David,Davis,2118622930
4404 Oak Drive,1977-04-13,john.williams@sample.com,Charlie,Taylor,4407244857
3299 Elm Street,1957-03-29,alice.miller@sample.com,Grace,Davis,7086874681
2753 Oak Drive,2001-02-28,alice.smith@test.com,Frank,Smith,4239688366
5281 Elm Street,2005-07-14,frank.smith@example.com,Charlie,Miller,2978234546
2106 Oak Drive,1999-11-25,emily.jones@sample.com,Charlie,Davis,9279101843
3628 Wright Island,1963-08-29,hannah.davis@sample.com,Bob,Johnson,9031482343
4166 Wright Island,1994-07-13,grace.taylor@sample.com,Frank,Jones,1538756426
9836 Maple Ave,1985-06-05,john.brown@mail.com,Grace,Jones,9318642806
2366 Oak Drive,1992-09-18,charlie.taylor@test.com,Jane,Miller,6802086815
6040 Elm Street,1976-05-31,john.jones@sample.com,David,Brown,2842712409
5616 Elm Street,1971-10-12,david.williams@mail.com,Alice,Wilson,9950199401
8245 Wright Island,1967-01-18,hannah.jones@sample.com,David,Brown,4533522821
9063 Pine Road,1989-04-10,charlie.davis@sample.com,John,Johnson,1248392221
4754 Elm Street,1960-04-29,emily.williams@example.com,Bob,Miller,9536620742
9303 Pine Road,1965-09-05,grace.wilson@test.com,Emily,Taylor,2925956690
7384 Elm Street,1976-04-19,hannah.johnson@mail.com,David,Jones,2997885881
7675 Maple Ave,1991-05-16,charlie.johnson@example.com,Alice,Williams,8318100581
4925 Elm Street,1967-04-06,jane.jones@mail.com,Frank,Brown,1315979758
1010 Pine Road,1995-02-19,grace.miller@test.com,Charlie,Williams,8922050978
8866 Maple Ave,1960-04-22,david.johnson@sample.com,David,Moore,3093762001
2848 Maple Ave,1952-06-14,alice.jones@test.com,Grace,Moore,5901413537
3226 Oak Drive,1952-07-16,john.smith@demo.com,Frank,Jones,6837519261
6384 Maple Ave,2005-04-13,hannah.moore@example.com,Jane,Williams,5065439763
4967 Oak Drive,1954-08-23,david.brown@mail.com,John,Wilson,7724293999
7218 Wright Island,1973-08-28,frank.johnson@sample.com,Charlie,Miller,3340741684
5464 Elm Street,1983-09-23,alice.davis@example.com,John,Jones,3808275713
9868 Pine Road,1975-11-02,bob.miller@mail.com,Alice,Davis,6611449690
6382 Elm Street,1968-12-13,jane.johnson@sample.com,Alice,Moore,7355765833
3356 Oak Drive,1975-01-28,alice.williams@mail.com,Frank,Smith,3976356831
3196 Oak Drive,1952-03-30,emily.johnson@sample.com,Alice,Williams,1661674647
2269 Maple Ave,1968-08-13,jane.moore@example.com,John,Wilson,7341730358
9497 Oak Drive,1963-01-19,emily.smith@demo.com,Charlie,Williams,2856980522
8423 Maple Ave,1997-06-26,john.taylor@mail.com,Hannah,Jones,8310602308
5208 Wright Island,1978-07-17,jane.brown@mail.com,Jane,Brown,1877637673
3275 Elm Street,1998-07-06,john.moore@sample.com,Emily,Miller,7810046016
6145 Wright Island,1977-07-10,charlie.moore@test.com,Hannah,Jones,1191291144
1826 Wright Island,1974-01-30,david.davis@test.com,David,Smith,9403394802
9262 Oak Drive,1971-07-19,frank.williams@sample.com,Charlie,Moore,2160451471
4577 Wright Island,1986-07-05,emily.moore@mail.com,Grace,Jones,3509072563
2642 Wright Island,1956-12-11,jane.miller@test.com,Emily,Smith,1022503049
7808 Oak Drive,1986-07-27,grace.wilson@demo.com,Bob,Jones,3791248415
1979 Elm Street,2005-03-13,jane.miller@mail.com,Frank,Taylor,9586899501
2414 Wright Island,1991-02-23,alice.miller@test.com,David,Jones,5675439225
8095 Maple Ave,1993-07-21,john.moore@sample.com,Grace,Taylor,9444774675
8210 Elm Street,1993-07-08,hannah.johnson@example.com,David,Brown,3023947763
1336 Wright Island,1986-06-19,grace.johnson@demo.com,Bob,Wilson,7253009824
6845 Maple Ave,1959-12-03,grace.moore@demo.com,Bob,Taylor,7673904782
8414 Wright Island,1973-07-12,emily.davis@demo.com,Grace,Taylor,2562819121
5665 Maple Ave,1967-08-03,jane.miller@example.com,Alice,Taylor,4401920045
4024 Maple Ave,1991-06-06,emily.moore@example.com,David,Miller,7079001292
6703 Wright Island,1981-05-21,david.johnson@mail.com,Bob,Brown,5633269381
5570 Wright Island,1996-01-02,frank.jones@example.com,Charlie,Smith,5136305736
5141 Elm Street,1956-11-18,john.taylor@sample.com,Emily,Jones,7638844246
6303 Wright Island,1969-05-10,john.johnson@example.com,John,Taylor,3455867315
3806 Pine Road,2003-04-07,frank.smith@test.com,Jane,Miller,2986731740
1543 Wright Island,1951-04-04,hannah.moore@example.com,Emily,Taylor,9481243890
4618 Pine Road,1981-08-07,alice.wilson@example.com,John,Johnson,1021002114
8752 Pine Road,1979-06-19,bob.wilson@example.com,Frank,Wilson,5400644930
9958 Maple Ave,1997-03-03,frank.davis@example.com,David,Moore,7018395046
8636 Oak Drive,1986-06-10,john.davis@mail.com,Charlie,Moore,8326163617
4672 Oak Drive,1996-04-08,john.davis@example.com,Jane,Johnson,1694641588
8403 Pine Road,1998-03-23,grace.taylor@sample.com,Charlie,Moore,2351914537
9291 Elm Street,1991-07-13,hannah.moore@sample.com,Charlie,Davis,3503126240
9570 Pine Road,1970-03-28,jane.wilson@sample.com,Bob,Smith,9228673044
2023 Elm Street,2003-10-12,charlie.williams@example.com,David,Brown,2909128562
9320 Pine Road,1976-11-24,grace.brown@mail.com,David,Miller,6399191455
7966 Pine Road,2002-12-07,alice.johnson@sample.com,Alice,Williams,4610695778
4063 Oak Drive,1950-02-14,hannah.johnson@test.com,John,Miller,4874138426
1100 Pine Road,1983-05-10,frank.moore@demo.com,Alice,Taylor,2375455388
1919 Oak Drive,1981-05-24,hannah.williams@test.com,John,Davis,1709597011
3626 Oak Drive,2001-05-08,bob.smith@mail.com,Charlie,Taylor,6942548781
2812 Oak Drive,1964-08-31,bob.smith@sample.com,Charlie,Moore,2792284881
7210 Maple Ave,1963-12-02,jane.smith@example.com,David,Wilson,8801643041
3188 Pine Road,1965-09-28,hannah.jones@test.com,Alice,Miller,1264253247
1881 Elm Street,1959-03-05,frank.smith@example.com,Grace,Johnson,9407244041
2276 Oak Drive,1955-08-26,hannah.miller@example.com,David,Johnson,4676444999
2760 Pine Road,1953-06-01,david.wilson@sample.com,Jane,Davis,9955565478
5000 Elm Street,1988-06-05,grace.williams@sample.com,Frank,Taylor,4461305144
5345 Maple Ave,1963-10-14,hannah.williams@demo.com,John,Jones,7013191690
7247 Oak Drive,1978-11-09,david.wilson@demo.com,Alice,Miller,9822340942
1463 Maple Ave,1956-07-03,jane.wilson@example.com,Frank,Smith,8993769403
9341 Wright Island,1998-01-18,grace.williams@demo.com,Alice,Jones,7421910592
8030 Maple Ave,1959-08-29,grace.jones@demo.com,Frank,Jones,3304044447
2105 Pine Road,1989-06-12,bob.williams@example.com,Jane,Wilson,9484306468
7151 Wright Island,2000-08-28,jane.jones@demo.com,Hannah,Taylor,9325420059
4596 Oak Drive,1955-12-25,frank.wilson@mail.com,Frank,Davis,8706827818
7176 Maple Ave,1999-06-12,alice.johnson@demo.com,David,Taylor,8469311174
2399 Pine Road,1999-12-30,jane.davis@example.com,Bob,Brown,9553818798
2540 Maple Ave,1995-02-18,charlie.smith@mail.com,John,Brown,1990241317
7135 Pine Road,1963-08-19,frank.jones@test.com,Bob,Miller,4172941584
2278 Elm Street,1982-12-19,alice.wilson@test.com,Grace,Miller,1318864281
6106 Elm Street,2004-11-11,john.miller@example.com,Frank,Moore,1084116423
4586 Wright Island,2005-06-30,david.williams@example.com,John,Davis,6857441893
3689 Oak Drive,1998-03-11,david.jones@example.com,John,Williams,7911491471
4935 Pine Road,1962-11-19,david.johnson@mail.com,John,Wilson,9137059348
1214 Maple Ave,1972-08-07,charlie.smith@demo.com,Emily,Jones,5722779642
5631 Elm Street,2000-09-11,alice.smith@demo.com,Alice,Jones,2359124328
3012 Pine Road,1992-07-02,charlie.wilson@test.com,Hannah,Smith,9875383226
8876 Elm Street,1968-09-26,emily.moore@demo.com,Hannah,Wilson,8260933137
5738 Elm Street,1979-12-18,john.davis@example.com,Charlie,Wilson,8107048290
9066 Elm Street,1960-10-14,alice.taylor@test.com,Frank,Smith,9669449266
1351 Elm Street,1955-07-01,emily.williams@example.com,Charlie,Wilson,6177301434
1652 Maple Ave,1992-09-23,david.johnson@sample.com,Bob,Johnson,1235606416
7910 Elm Street,1989-08-26,jane.miller@mail.com,Frank,Moore,5912573540
8725 Wright Island,1962-03-25,jane.williams@mail.com,Hannah,Wilson,1300431034
5557 Oak Drive,1956-08-18,john.miller@sample.com,Bob,Miller,1594721809
9062 Maple Ave,1983-10-09,grace.jones@demo.com,Grace,Miller,2640428141
9985 Pine Road,1958-12-06,emily.brown@sample.com,Bob,Brown,1129933797
8322 Pine Road,1956-10-17,john.brown@test.com,Emily,Jones,8018823543
6924 Wright Island,1991-06-25,hannah.miller@sample.com,Frank,Brown,1017358002
6150 Pine Road,1982-03-02,bob.moore@demo.com,Emily,Moore,5877186222
6790 Wright Island,1966-12-31,hannah.williams@mail.com,Grace,Taylor,1619996326
5718 Pine Road,1952-08-27,grace.johnson@example.com,John,Johnson,6703213101
5677 Elm Street,1966-08-23,frank.williams@sample.com,Emily,Moore,3159303189
2268 Elm Street,1974-07-21,grace.miller@sample.com,David,Wilson,1126720262
7874 Elm Street,2004-11-21,grace.smith@mail.com,Alice,Taylor,7125055076
4946 Pine Road,1990-01-28,bob.williams@demo.com,David,Johnson,7719737996
5177 Wright Island,1981-03-21,emily.taylor@demo.com,David,Wilson,8316245904
3108 Maple Ave,1957-10-28,frank.davis@sample.com,Alice,Taylor,6810808281
4771 Maple Ave,1978-05-05,emily.taylor@example.com,Jane,Miller,6952929327
4331 Pine Road,2005-11-20,jane.wilson@demo.com,Alice,Jones,7173365039
2359 Pine Road,1971-03-28,bob.smith@test.com,Frank,Jones,4060910542
6966 Oak Drive,1966-11-12,bob.williams@example.com,Grace,Taylor,5474263149
9272 Elm Street,1985-06-26,charlie.smith@test.com,Alice,Smith,2344225161
5959 Wright Island,1987-12-15,bob.brown@sample.com,Grace,Moore,2684640998
2810 Oak Drive,1958-11-18,alice.johnson@sample.com,Jane,Jones,1341131905
3423 Wright Island,1988-07-01,david.taylor@sample.com,Emily,Jones,6806837169
4154 Wright Island,1960-07-24,david.williams@sample.com,Grace,Jones,1651071301
5748 Pine Road,1988-03-22,charlie.smith@example.com,Bob,Johnson,8569413610
5364 Pine Road,1953-02-14,alice.miller@demo.com,Bob,Brown,1803772312
8272 Elm Street,1975-09-01,grace.wilson@demo.com,Alice,Miller,6086716291
7045 Maple Ave,2001-04-19,david.smith@example.com,John,Wilson,4867844902
1006 Pine Road,1959-01-06,alice.jones@example.com,David,Johnson,8024309362
4705 Maple Ave,1991-09-27,emily.taylor@sample.com,Emily,Davis,7123870055
5016 Pine Road,1986-09-22,frank.jones@example.com,Frank,Miller,1461247813
5714 Maple Ave,1971-04-29,jane.miller@example.com,Emily,Williams,6848260906
8095 Oak Drive,1956-10-12,david.johnson@demo.com,Hannah,Williams,8415847150
2541 Pine Road,1964-03-07,hannah.miller@test.com,Hannah,Wilson,3001484742
7945 Oak Drive,1967-11-24,bob.johnson@test.com,Hannah,Smith,7289865782
4032 Wright Island,1950-08-08,jane.davis@mail.com,Hannah,Wilson,4977840963
6171 Elm Street,1989-12-10,bob.brown@sample.com,Alice,Williams,4249225407
9701 Oak Drive,1991-03-05,charlie.brown@demo.com,Alice,Smith,7871813301
6434 Pine Road,1961-12-06,emily.johnson@mail.com,Frank,Smith,4073333351
8594 Elm Street,1990-08-04,hannah.smith@example.com,Jane,Taylor,7836111081
7742 Elm Street,1998-12-18,david.davis@sample.com,Grace,Brown,3050707517
5959 Wright Island,1956-06-24,john.moore@mail.com,Grace,Williams,9783814709
9146 Wright Island,1984-09-17,alice.moore@sample.com,Emily,Wilson,3380808878
9646 Oak Drive,1964-07-16,emily.johnson@example.com,Bob,Brown,7257034480
1815 Wright Island,2000-12-28,jane.wilson@sample.com,Grace,Brown,9954762909
1981 Maple Ave,1999-06-22,alice.johnson@demo.com,Emily,Wilson,8493063343
3872 Maple Ave,1991-12-23,jane.smith@example.com,Jane,Miller,4718623831
9243 Oak Drive,1976-01-27,grace.davis@example.com,Jane,Taylor,6541895500
6624 Oak Drive,1988-10-19,david.miller@demo.com,Emily,Miller,9676142713
2229 Elm Street,1996-12-20,hannah.davis@test.com,David,Davis,3917086894
7185 Maple Ave,1977-10-25,jane.taylor@test.com,Charlie,Wilson,3087397516
5072 Oak Drive,1996-02-23,jane.smith@example.com,John,Taylor,5831122345
8097 Pine Road,1976-09-22,bob.johnson@example.com,Jane,Williams,9147346316
9161 Elm Street,1951-09-25,charlie.taylor@example.com,David,Brown,8912965956
9817 Maple Ave,1999-01-30,alice.jones@demo.com,Hannah,Taylor,5905628355
2952 Oak Drive,1965-10-16,grace.moore@test.com,Charlie,Wilson,1918916637
6314 Maple Ave,1959-09-19,bob.jones@mail.com,Alice,Wilson,3754395513
9228 Maple Ave,1985-01-01,john.brown@demo.com,Frank,Taylor,6985373908
7276 Pine Road,1958-02-28,john.taylor@mail.com,Alice,Miller,2531182977
2606 Elm Street,1976-07-10,grace.brown@test.com,Alice,Williams,8392707546
3895 Elm Street,1950-02-21,frank.davis@test.com,Emily,Taylor,4347585114
5491 Maple Ave,1980-09-28,charlie.jones@demo.com,John,Smith,3037612445
9879 Elm Street,1956-03-24,alice.miller@test.com,Hannah,Wilson,2212957870
5412 Oak Drive,1980-02-08,jane.taylor@mail.com,Alice,Johnson,4102138871
7192 Wright Island,1978-07-13,alice.brown@mail.com,Emily,Johnson,1676775254
8484 Wright Island,1994-02-24,john.smith@test.com,Grace,Taylor,2070744124
3577 Oak Drive,1970-03-25,grace.williams@mail.com,Frank,Smith,8918243902
2330 Pine Road,1969-10-14,jane.smith@test.com,Frank,Miller,5210827509
2906 Oak Drive,1977-07-29,john.jones@test.com,Hannah,Wilson,3878144678
1789 Elm Street,1996-03-09,bob.taylor@mail.com,Emily,Davis,7056765808
2762 Wright Island,1950-09-28,david.miller@mail.com,Alice,Taylor,8864323682
3718 Elm Street,2003-07-27,grace.williams@test.com,John,Brown,6573075543
2690 Oak Drive,2005-02-02,hannah.smith@test.com,Charlie,Miller,7867139022
8430 Maple Ave,1951-11-18,jane.taylor@sample.com,Grace,Miller,3555469519
4898 Oak Drive,1971-03-26,emily.taylor@example.com,Grace,Moore,6799546598
5848 Elm Street,2002-05-15,charlie.moore@sample.com,Jane,Miller,3189107946
4252 Pine Road,1951-08-06,hannah.taylor@example.com,Frank,Williams,6445530961
4633 Oak Drive,1958-11-08,grace.miller@example.com,John,Wilson,3662329220
8134 Pine Road,1964-08-24,charlie.jones@test.com,Jane,Davis,1835319091
5512 Pine Road,2001-04-20,grace.moore@example.com,John,Taylor,6865478009
8253 Maple Ave,1984-02-29,hannah.johnson@demo.com,John,Davis,9841655086
8231 Maple Ave,1960-01-10,bob.taylor@example.com,Frank,Taylor,9389376512
3174 Maple Ave,1958-01-16,john.davis@mail.com,Hannah,Jones,5106906205
9660 Oak Drive,1964-02-15,alice.johnson@test.com,Alice,Wilson,7474770233
8056 Oak Drive,1992-12-16,david.smith@demo.com,Emily,Miller,9045950619
7338 Maple Ave,1974-04-12,grace.smith@demo.com,Bob,Davis,8960756946
4798 Pine Road,1997-10-13,alice.williams@demo.com,Alice,Williams,6655578588
4264 Oak Drive,1979-01-17,charlie.miller@demo.com,Emily,Miller,6480902366
7165 Wright Island,1966-12-23,frank.johnson@test.com,David,Smith,1410271312
6927 Maple Ave,1985-06-05,emily.smith@sample.com,John,Moore,1137061929
5625 Pine Road,1999-11-01,jane.miller@mail.com,Frank,Wilson,3587201644
4434 Oak Drive,1992-09-29,hannah.jones@sample.com,David,Taylor,2268686243
7735 Oak Drive,1985-03-31,charlie.williams@test.com,Emily,Jones,1758377524
1468 Elm Street,1955-10-01,bob.taylor@demo.com,Jane,Smith,8018068327
9704 Oak Drive,1973-10-12,grace.miller@test.com,David,Davis,1599742298
8203 Pine Road,1968-01-02,hannah.moore@mail.com,Emily,Jones,4718512443
6558 Oak Drive,1998-10-31,charlie.jones@demo.com,Emily,Miller,7144764546
4081 Wright Island,1986-10-19,frank.smith@sample.com,Bob,Smith,7227235465
1495 Wright Island,1976-06-14,john.johnson@sample.com,Grace,Johnson,4235300479
9708 Wright Island,1963-03-11,frank.miller@example.com,Alice,Brown,1308103497
5079 Oak Drive,2004-04-18,jane.williams@sample.com,Grace,Jones,1006060404
5773 Oak Drive,1978-09-08,grace.smith@example.com,Jane,Davis,8414077795
7927 Oak Drive,1971-06-18,hannah.miller@test.com,Frank,Williams,7990076983
1889 Wright Island,1980-02-26,david.moore@test.com,Bob,Moore,8781080346
1960 Elm Street,2005-02-20,emily.jones@test.com,Jane,Taylor,1249729533
5066 Pine Road,1990-06-26,frank.taylor@test.com,Hannah,Williams,7461696368
7925 Maple Ave,1992-07-26,john.taylor@mail.com,Hannah,Wilson,8472112271
6765 Elm Street,1986-01-26,david.williams@example.com,Jane,Miller,3587355629
3553 Wright Island,1951-10-25,emily.johnson@example.com,Frank,Johnson,1033512313
8141 Elm Street,1965-10-23,bob.johnson@demo.com,Grace,Wilson,5770345545
3196 Pine Road,1963-02-26,emily.davis@test.com,Bob,Williams,9828099445
6497 Oak Drive,1955-03-27,grace.miller@mail.com,Alice,Williams,7021035027
5849 Wright Island,1981-01-06,emily.moore@sample.com,Charlie,Johnson,3718199798
4671 Elm Street,1967-07-17,charlie.jones@demo.com,David,Moore,4025962016
4030 Pine Road,1951-10-22,frank.wilson@sample.com,Alice,Miller,9343329982
9124 Wright Island,1954-11-06,charlie.miller@demo.com,David,Taylor,5558995566
4929 Wright Island,2002-12-24,charlie.johnson@demo.com,Grace,Miller,3129722040
8541 Wright Island,1996-01-06,frank.jones@mail.com,John,Smith,2380861091
8628 Maple Ave,1971-06-17,charlie.moore@mail.com,Hannah,Brown,7424888307
8407 Elm Street,1969-04-10,frank.moore@mail.com,Charlie,Johnson,4562229808
1249 Pine Road,1978-10-18,charlie.wilson@mail.com,Emily,Johnson,8328177095
7654 Wright Island,1967-06-28,hannah.wilson@demo.com,David,Davis,6026876286
3441 Pine Road,1971-08-06,frank.williams@example.com,Emily,Taylor,5570085345
6469 Wright Island,1958-10-11,jane.taylor@example.com,Bob,Moore,9014861769
3477 Wright Island,2000-07-13,grace.johnson@sample.com,David,Taylor,4798000579
8073 Maple Ave,1952-08-20,jane.brown@test.com,David,Moore,9043324254
7647 Elm Street,1994-10-12,alice.wilson@sample.com,Alice,Brown,3890901780
4875 Wright Island,1960-04-17,alice.williams@example.com,David,Williams,2803479530
6242 Wright Island,1976-05-25,david.williams@demo.com,Emily,Williams,4842397519
3195 Maple Ave,1973-09-08,grace.brown@sample.com,Frank,Miller,9807193782
5490 Elm Street,1982-02-07,bob.williams@example.com,Emily,Wilson,7795317398
8644 Oak Drive,1991-04-20,alice.smith@example.com,Frank,Brown,2328630957
3476 Pine Road,1983-09-02,alice.moore@sample.com,Grace,Wilson,5383029672
9749 Maple Ave,1963-06-30,david.miller@test.com,Charlie,Miller,3023762740
8311 Oak Drive,1951-12-20,emily.moore@mail.com,John,Moore,3654989450
2840 Pine Road,1957-02-04,hannah.williams@example.com,John,Williams,4246920355
1743 Elm Street,2005-02-10,frank.davis@mail.com,Hannah,Jones,2519577376
9116 Maple Ave,1978-05-05,emily.wilson@sample.com,Charlie,Jones,8411775435
5456 Elm Street,2004-09-06,bob.taylor@demo.com,Alice,Wilson,2765756160
2415 Wright Island,1981-02-25,john.moore@example.com,Frank,Taylor,6741347489
2960 Pine Road,1964-10-31,david.davis@mail.com,Jane,Jones,9910587417
7773 Oak Drive,1992-08-30,emily.davis@mail.com,David,Wilson,4051055872
7270 Wright Island,1973-11-21,jane.davis@demo.com,Grace,Davis,3384258482
2756 Pine Road,1978-05-21,jane.smith@sample.com,Hannah,Williams,8423316228
2054 Wright Island,1987-12-19,jane.williams@mail.com,Alice,Jones,7047090355
4626 Wright Island,1964-12-01,alice.smith@example.com,Frank,Moore,6662085172
2775 Elm Street,1962-04-27,frank.jones@example.com,Grace,Wilson,7325754534
4946 Pine Road,1991-12-19,bob.davis@demo.com,Bob,Wilson,4115789418
6963 Elm Street,1991-07-12,emily.johnson@sample.com,Jane,Moore,2014448051
6211 Wright Island,1985-06-20,jane.johnson@sample.com,Grace,Williams,1349670555
5120 Pine Road,1983-05-11,david.taylor@mail.com,Hannah,Davis,1821902490
2010 Oak Drive,1955-04-06,emily.taylor@test.com,Frank,Wilson,5657948193
3616 Pine Road,1973-03-10,emily.johnson@example.com,Hannah,Williams,6289964271
9723 Elm Street,1954-07-13,hannah.miller@mail.com,Alice,Moore,5071399132
9013 Wright Island,1980-05-18,david.smith@demo.com,John,Moore,7480212733
9313 Elm Street,1968-03-23,david.davis@mail.com,Bob,Moore,2252256853
2580 Maple Ave,1959-07-22,jane.wilson@mail.com,Hannah,Miller,5508037168
2474 Maple Ave,2004-04-25,bob.johnson@demo.com,Grace,Williams,1475575220
5969 Elm Street,1957-11-18,emily.williams@mail.com,Frank,Davis,5484421499
6477 Elm Street,1966-06-28,david.williams@sample.com,Bob,Wilson,1477664079
8595 Maple Ave,1969-12-15,frank.miller@test.com,Grace,Smith,6481023034
4426 Pine Road,1961-03-31,john.taylor@mail.com,Alice,Williams,2483931712
6369 Maple Ave,1989-01-27,charlie.wilson@mail.com,Frank,Smith,9634817803
8108 Elm Street,1999-09-26,emily.johnson@sample.com,Grace,Taylor,7615780568
1750 Maple Ave,1987-05-29,bob.moore@mail.com,Grace,Moore,8165571929
7659 Oak Drive,1969-11-20,david.johnson@sample.com,Jane,Smith,3601502367
1439 Elm Street,1954-04-27,john.davis@example.com,Charlie,Moore,2292112159
1335 Maple Ave,1998-02-10,frank.davis@test.com,John,Wilson,4007155980
5558 Maple Ave,1987-03-07,david.jones@demo.com,Hannah,Jones,5146022392
5286 Maple Ave,1994-06-04,grace.jones@test.com,Jane,Wilson,4552209671
9106 Wright Island,1972-06-15,bob.brown@example.com,Jane,Smith,9115675693
2114 Pine Road,1972-06-02,charlie.johnson@sample.com,Bob,Johnson,5853498814
5497 Elm Street,1980-06-11,john.davis@demo.com,Charlie,Brown,4644016944
7007 Elm Street,1999-09-08,david.johnson@example.com,John,Williams,3648049217
1101 Pine Road,2002-04-30,grace.wilson@demo.com,Hannah,Smith,4828889507
4893 Wright Island,1984-03-26,jane.williams@mail.com,David,Jones,8531709219
7605 Oak Drive,1968-03-08,jane.taylor@demo.com,David,Davis,6347518546
4187 Elm Street,2002-11-30,charlie.williams@example.com,Grace,Smith,4089017278
3405 Pine Road,1993-07-20,bob.davis@example.com,Emily,Wilson,2874396008
3588 Maple Ave,1953-04-30,grace.johnson@demo.com,Hannah,Moore,2107871155
9593 Maple Ave,1953-05-19,john.davis@example.com,Grace,Wilson,8011664873
9752 Wright Island,1965-01-05,hannah.johnson@sample.com,David,Wilson,3472512315
1593 Pine Road,1987-04-10,frank.wilson@test.com,Bob,Miller,8636509037
5924 Wright Island,1972-04-17,hannah.taylor@mail.com,David,Johnson,2681923144
7723 Elm Street,1968-02-15,frank.miller@mail.com,Hannah,Davis,5156174417
4883 Maple Ave,1971-10-09,frank.taylor@test.com,Charlie,Davis,6929603821
2268 Oak Drive,1973-08-01,emily.miller@test.com,Jane,Williams,2549432965
8117 Maple Ave,1971-05-14,charlie.davis@mail.com,John,Taylor,1493515058
6642 Maple Ave,1977-08-14,frank.davis@example.com,Frank,Williams,8420596044
3407 Maple Ave,1988-05-17,john.williams@demo.com,Charlie,Moore,6708827630
5481 Maple Ave,1951-05-13,charlie.taylor@demo.com,Bob,Johnson,4895385821
4021 Oak Drive,1974-03-17,frank.williams@test.com,Hannah,Davis,4455222792
3826 Elm Street,1954-03-14,alice.wilson@test.com,Emily,Miller,9662555128
6220 Pine Road,1950-11-21,frank.wilson@example.com,Grace,Brown,1333248884
7047 Wright Island,1962-01-05,charlie.jones@mail.com,Grace,Smith,8304811932
8450 Pine Road,2002-06-09,jane.johnson@mail.com,Jane,Taylor,2179892134
8806 Maple Ave,1957-01-18,bob.miller@sample.com,Grace,Moore,9216889605
4490 Wright Island,1979-05-22,charlie.moore@test.com,Hannah,Brown,8029852808
2477 Oak Drive,1996-02-28,grace.taylor@test.com,Jane,Brown,4859457173
1409 Oak Drive,1990-08-10,grace.williams@mail.com,Alice,Brown,3090595546
9769 Wright Island,1984-09-03,hannah.brown@sample.com,Charlie,Wilson,2350342729
2322 Maple Ave,1970-07-17,alice.jones@sample.com,David,Smith,3152866837
7753 Pine Road,2001-11-04,charlie.brown@example.com,Charlie,Davis,5713229906
9952 Elm Street,1961-12-12,grace.davis@sample.com,Hannah,Brown,7227113695
1163 Oak Drive,1998-01-08,david.brown@mail.com,John,Davis,7901233817
9607 Elm Street,1952-01-21,hannah.miller@sample.com,Bob,Jones,3679615809
5545 Pine Road,1978-04-01,jane.taylor@test.com,Grace,Smith,9339693642
1747 Wright Island,2002-08-03,charlie.smith@mail.com,Grace,Jones,8998971873
2378 Wright Island,1990-06-12,jane.jones@test.com,David,Johnson,6676899427
3790 Elm Street,1960-01-23,charlie.taylor@mail.com,Bob,Davis,2483488095
4373 Oak Drive,1987-10-15,john.davis@demo.com,Frank,Jones,2725981507
7433 Pine Road,1983-05-08,jane.brown@test.com,Hannah,Davis,6608968215
7214 Pine Road,1973-07-14,jane.taylor@test.com,Frank,Johnson,9754305805
5288 Wright Island,2005-04-09,frank.jones@test.com,Jane,Wilson,7319066712
9070 Pine Road,1955-07-11,charlie.johnson@test.com,Charlie,Davis,3740645314
4534 Oak Drive,1953-05-21,charlie.smith@demo.com,Grace,Johnson,8648180881
3074 Oak Drive,1995-10-19,jane.jones@test.com,John,Williams,4484177711
6177 Elm Street,1952-07-07,david.taylor@mail.com,Hannah,Johnson,1946070563
9878 Pine Road,1986-11-01,charlie.wilson@sample.com,John,Wilson,2492795588
5245 Maple Ave,2002-09-15,bob.taylor@test.com,Hannah,Miller,3635238344
2592 Pine Road,1966-05-18,jane.smith@example.com,Frank,Miller,8116325169
9922 Wright Island,1997-09-23,frank.williams@demo.com,Charlie,Williams,4930751112
2837 Pine Road,1996-09-17,hannah.davis@example.com,Grace,Smith,6494046991
9515 Oak Drive,2005-07-06,alice.moore@mail.com,Frank,Taylor,6061292563
4409 Oak Drive,1981-04-21,bob.wilson@test.com,David,Taylor,9513368113
9814 Elm Street,2005-03-08,charlie.williams@mail.com,John,Taylor,3384646734
6406 Oak Drive,1960-03-24,david.miller@demo.com,Alice,Taylor,2765198403
4871 Oak Drive,1986-02-06,jane.davis@sample.com,Charlie,Taylor,8644538857
7498 Pine Road,1976-08-02,bob.brown@sample.com,Emily,Williams,3247214330
6796 Maple Ave,1952-04-08,david.smith@test.com,Frank,Jones,6143458431
4346 Elm Street,1964-11-26,john.smith@test.com,Jane,Miller,7830944188
3253 Maple Ave,1980-08-11,emily.taylor@test.com,Hannah,Moore,2746078907
9295 Oak Drive,1995-09-17,emily.miller@example.com,David,Johnson,5141142019
8993 Maple Ave,1978-05-24,john.taylor@mail.com,Hannah,Williams,9414122938
9263 Pine Road,1980-05-15,david.wilson@example.com,Charlie,Brown,9393656437
6242 Wright Island,1984-12-24,emily.moore@mail.com,David,Jones,7576329132
4628 Elm Street,2005-07-08,john.smith@example.com,John,Smith,7766127184
7486 Oak Drive,1972-03-20,david.smith@mail.com,Emily,Taylor,1141035905
8025 Oak Drive,1968-08-13,charlie.smith@mail.com,Frank,Jones,8186864275
8206 Pine Road,1980-01-14,john.moore@example.com,Jane,Wilson,1947419369
3149 Pine Road,1952-09-21,alice.taylor@test.com,Jane,Taylor,5111959815
4653 Maple Ave,2003-01-08,frank.davis@mail.com,Alice,Jones,4245139972
4170 Elm Street,1988-02-26,charlie.smith@sample.com,Charlie,Miller,7963648372
3644 Oak Drive,1985-01-30,emily.brown@test.com,David,Brown,5255548311
6279 Wright Island,2003-03-03,david.johnson@sample.com,Frank,Williams,1636572208
6920 Maple Ave,1968-12-29,bob.davis@mail.com,David,Williams,8747801811
2108 Pine Road,1962-08-11,jane.taylor@mail.com,Emily,Williams,6516324643
3364 Elm Street,1983-01-05,charlie.wilson@test.com,Hannah,Smith,6611068720
1140 Maple Ave,1952-08-11,alice.brown@demo.com,Grace,Brown,7391094079
7915 Elm Street,2001-01-16,emily.miller@test.com,Alice,Davis,9966127582
6954 Pine Road,2004-12-23,david.wilson@sample.com,Jane,Jones,5152896626
5317 Elm Street,1962-10-23,david.davis@mail.com,Charlie,Davis,3891378025
3175 Wright Island,1975-04-04,john.miller@test.com,Emily,Wilson,7973236477
8630 Oak Drive,1985-07-29,david.johnson@sample.com,David,Williams,8608389576
6597 Wright Island,1952-10-06,jane.smith@mail.com,Bob,Williams,5895542507
2102 Elm Street,1962-01-23,john.jones@sample.com,Emily,Davis,1308647499
3823 Elm Street,2000-05-31,charlie.wilson@mail.com,John,Miller,6321924474
4609 Elm Street,1974-11-28,john.davis@sample.com,Hannah,Wilson,7236817320
1559 Maple Ave,1962-02-15,grace.williams@mail.com,Emily,Moore,2092553524
2103 Maple Ave,1997-01-27,john.jones@mail.com,Hannah,Davis,4196636880
3833 Wright Island,1998-07-27,jane.davis@sample.com,Grace,Jones,8804043925
7513 Elm Street,1985-01-15,emily.miller@sample.com,Alice,Johnson,1619119767
1728 Wright Island,1967-01-02,grace.moore@test.com,Alice,Davis,8266255332
2843 Maple Ave,1964-03-21,hannah.johnson@test.com,Charlie,Johnson,3696690446
8902 Wright Island,1993-04-22,emily.jones@sample.com,Bob,Moore,1275136106
5758 Wright Island,1961-05-18,charlie.moore@test.com,Frank,Smith,5791027919
8360 Elm Street,1981-07-16,john.williams@demo.com,Frank,Johnson,8657117145
8486 Pine Road,1997-03-09,john.williams@example.com,Frank,Moore,8869069162
6205 Oak Drive,1996-06-07,frank.jones@test.com,Charlie,Smith,3591560408
3692 Maple Ave,1980-12-31,jane.moore@demo.com,Emily,Williams,4374494075
3827 Wright Island,2004-11-01,alice.jones@test.com,Emily,Jones,6946259093
9582 Pine Road,1979-03-03,john.davis@example.com,Frank,Jones,4206715198
4214 Oak Drive,2004-12-15,hannah.taylor@example.com,Charlie,Wilson,2970720616
2014 Elm Street,1983-06-10,hannah.miller@example.com,Frank,Moore,5279383640
2448 Pine Road,1980-09-03,bob.brown@example.com,Charlie,Miller,1378807649
1676 Maple Ave,1950-09-27,john.moore@test.com,Hannah,Jones,1238342269
4791 Maple Ave,1956-01-13,david.johnson@sample.com,Frank,Brown,1034908876
4752 Wright Island,1957-11-17,emily.wilson@sample.com,Emily,Williams,4471272042
5490 Elm Street,1988-03-09,charlie.johnson@mail.com,John,Brown,5861088527
2302 Oak Drive,1950-12-18,jane.moore@sample.com,David,Smith,2527711717
3062 Wright Island,2003-09-27,jane.taylor@sample.com,Grace,Brown,5910252984
8997 Pine Road,1995-11-16,john.wilson@test.com,Charlie,Johnson,4555735416
2217 Oak Drive,1999-05-09,frank.miller@demo.com,Alice,Johnson,4001250864
1531 Pine Road,1963-10-20,charlie.williams@example.com,Emily,Moore,4318869636
4476 Wright Island,1989-01-09,frank.wilson@sample.com,Frank,Johnson,2025311582
8164 Oak Drive,1955-10-26,david.taylor@mail.com,Jane,Miller,7010945682
1407 Elm Street,1997-10-13,hannah.miller@sample.com,Bob,Williams,6362981929
9344 Wright Island,1955-08-25,bob.moore@sample.com,Charlie,Moore,3984081644
7132 Elm Street,1985-10-21,grace.brown@sample.com,Hannah,Moore,9399853911
8937 Wright Island,1960-09-24,jane.brown@test.com,Charlie,Brown,4131291438
4956 Pine Road,1983-08-09,frank.moore@sample.com,John,Williams,7756315478
8297 Pine Road,1974-02-28,bob.davis@test.com,Jane,Johnson,3503503699
9718 Pine Road,1960-01-14,frank.wilson@test.com,Emily,Taylor,6931418644
4166 Oak Drive,2000-03-01,charlie.smith@demo.com,Bob,Taylor,5288629620
6922 Pine Road,2005-07-11,charlie.smith@mail.com,David,Davis,3656301621
4296 Maple Ave,1963-11-06,hannah.brown@demo.com,John,Brown,9777829649
8867 Elm Street,1953-01-06,grace.williams@demo.com,David,Davis,6732583402
8836 Elm Street,1964-11-26,grace.taylor@mail.com,Jane,Smith,5945123295
5039 Maple Ave,1956-12-19,hannah.brown@mail.com,Jane,Jones,7886815247
7138 Wright Island,1970-12-28,bob.moore@demo.com,Bob,Jones,9138827377
1338 Wright Island,1998-10-04,bob.brown@demo.com,Hannah,Taylor,9417999555
1168 Maple Ave,1977-03-09,hannah.brown@test.com,Frank,Moore,3856681856
1131 Elm Street,1968-10-18,emily.brown@mail.com,Alice,Taylor,2332273253
4890 Wright Island,1970-08-25,david.miller@mail.com,John,Davis,6361885375
2260 Maple Ave,1964-02-23,hannah.smith@test.com,Jane,Davis,6054296920
5902 Pine Road,1957-03-26,charlie.taylor@test.com,Charlie,Wilson,3207966499
9222 Pine Road,2001-07-20,bob.taylor@example.com,Emily,Davis,1517650061
3040 Maple Ave,1974-08-11,emily.jones@example.com,Charlie,Taylor,2914198147
2272 Wright Island,1993-09-22,grace.smith@example.com,Frank,Smith,4043474577
4738 Maple Ave,1975-11-30,hannah.brown@example.com,Frank,Wilson,3921908769
7073 Elm Street,1950-12-26,john.brown@mail.com,Frank,Jones,6240380111
2890 Oak Drive,1989-05-01,john.jones@example.com,Hannah,Moore,9083618948
5248 Elm Street,1989-12-10,david.moore@mail.com,Grace,Brown,7217060505
9197 Pine Road,1966-03-06,emily.moore@mail.com,Bob,Williams,9134782649
8477 Pine Road,1999-04-10,alice.miller@mail.com,Charlie,Moore,1611044094
2930 Maple Ave,1983-03-31,david.wilson@test.com,Frank,Jones,3549001895
5757 Maple Ave,1968-01-07,john.miller@sample.com,David,Davis,2083275539
6012 Maple Ave,1963-04-26,hannah.wilson@example.com,Emily,Taylor,5155564852
4939 Wright Island,1959-10-02,jane.jones@sample.com,Jane,Brown,6754914018
8476 Elm Street,1972-01-23,emily.smith@test.com,Grace,Jones,6881826185
2410 Elm Street,2002-01-10,grace.johnson@mail.com,Grace,Johnson,5940058800
6242 Pine Road,1962-07-15,charlie.brown@test.com,Hannah,Jones,5691277988
1620 Maple Ave,1998-02-12,john.taylor@demo.com,Bob,Taylor,2776553353
8836 Elm Street,2002-04-20,david.miller@test.com,Alice,Brown,8942600071
5693 Pine Road,1958-08-20,john.moore@demo.com,Bob,Brown,9311237666
8955 Wright Island,1969-03-18,hannah.brown@example.com,John,Johnson,6005159874
3429 Pine Road,2005-10-28,frank.miller@demo.com,Alice,Moore,2946268291
8316 Pine Road,2004-06-15,grace.taylor@sample.com,Emily,Miller,3774053147
7134 Elm Street,1980-04-12,charlie.johnson@example.com,David,Moore,1090551816
8568 Elm Street,1968-07-24,grace.johnson@demo.com,David,Williams,5352157969
5840 Oak Drive,1956-02-07,frank.davis@test.com,Alice,Taylor,3650074202
8063 Maple Ave,2003-05-07,charlie.smith@mail.com,Emily,Taylor,4091172475
9670 Wright Island,1994-11-15,emily.wilson@example.com,Hannah,Taylor,6641931175
7785 Oak Drive,1956-07-09,alice.davis@demo.com,Bob,Brown,9854922500
2408 Wright Island,1962-12-23,bob.miller@example.com,Grace,Wilson,5962245316
3447 Maple Ave,1961-12-10,grace.davis@test.com,David,Johnson,5974181599
3759 Pine Road,1993-03-30,hannah.moore@demo.com,Alice,Moore,6455188874
7929 Elm Street,2001-08-30,hannah.wilson@test.com,Frank,Jones,7435560338
5000 Pine Road,1960-03-11,john.taylor@sample.com,Emily,Taylor,6020947838
8314 Oak Drive,1975-12-11,jane.jones@example.com,Jane,Davis,9874890581
8634 Elm Street,1986-02-27,david.jones@test.com,Jane,Wilson,7607578115
4898 Maple Ave,1968-04-09,charlie.taylor@example.com,John,Brown,6552488296
9992 Oak Drive,1989-04-14,david.miller@demo.com,Charlie,Moore,1193119524
2279 Oak Drive,1969-04-09,alice.smith@example.com,Charlie,Davis,2022708523
3135 Oak Drive,1980-07-25,frank.jones@example.com,Alice,Brown,6991215499
3662 Elm Street,1982-01-06,emily.moore@demo.com,John,Miller,2088819568
1513 Maple Ave,1991-02-16,jane.taylor@sample.com,Hannah,Taylor,2484156302
4923 Maple Ave,1994-08-20,david.miller@demo.com,Jane,Smith,8482317163
7842 Oak Drive,1964-10-17,emily.brown@demo.com,David,Smith,6703941813
2460 Elm Street,2000-12-11,john.brown@mail.com,Hannah,Williams,2086653553
2357 Oak Drive,1963-09-14,bob.johnson@mail.com,Jane,Brown,5405910088
8439 Wright Island,1958-01-28,charlie.davis@test.com,Bob,Jones,8976313980
3506 Oak Drive,1959-10-16,jane.miller@test.com,Hannah,Moore,6258450372
6663 Maple Ave,1983-11-25,grace.johnson@example.com,Hannah,Moore,4777953228
4814 Maple Ave,1974-02-27,john.brown@test.com,Hannah,Moore,6690685923
8155 Wright Island,1988-03-20,frank.smith@example.com,Alice,Davis,5627667753
3289 Pine Road,1977-04-05,emily.davis@sample.com,Grace,Smith,2417536596
7722 Wright Island,1985-10-17,jane.johnson@demo.com,John,Wilson,9207988613
8214 Pine Road,1958-10-01,bob.davis@demo.com,Alice,Johnson,2092667501
5015 Wright Island,1970-08-11,david.smith@test.com,David,Davis,8802414907
5138 Elm Street,1962-07-09,hannah.johnson@test.com,Grace,Miller,6565385591
1619 Elm Street,1986-06-18,john.jones@test.com,Frank,Brown,2715289346
5993 Oak Drive,1975-04-13,grace.taylor@test.com,John,Taylor,2646248179
7382 Wright Island,1983-01-26,emily.smith@demo.com,David,Jones,2912195862
6604 Oak Drive,1966-06-05,alice.smith@example.com,David,Miller,6187516489
2176 Pine Road,1977-05-30,grace.moore@mail.com,Jane,Davis,9369664350
6522 Wright Island,1998-11-25,charlie.smith@demo.com,Frank,Brown,3479939387
3571 Elm Street,2004-01-06,alice.johnson@example.com,Charlie,Jones,6738825026
9361 Elm Street,1977-11-03,grace.taylor@demo.com,Hannah,Miller,9100628299
9033 Maple Ave,1965-05-13,david.smith@example.com,Jane,Davis,1414677391
7742 Oak Drive,1964-04-08,emily.johnson@demo.com,Grace,Taylor,7919941348
9112 Pine Road,2001-11-19,bob.moore@test.com,Charlie,Taylor,7368997344
3522 Pine Road,1996-06-17,frank.moore@example.com,Charlie,Jones,9305369808
8620 Oak Drive,1993-08-12,jane.davis@test.com,Charlie,Smith,3528585999
3637 Wright Island,1974-09-10,alice.williams@demo.com,Grace,Williams,2671552860
8593 Elm Street,1972-03-10,john.jones@example.com,Hannah,Miller,1804101074
8458 Maple Ave,1965-12-26,emily.brown@mail.com,Hannah,Smith,7262717206
8195 Wright Island,1964-10-04,david.miller@test.com,Alice,Taylor,8360490033
5025 Elm Street,1956-12-02,emily.smith@mail.com,John,Taylor,6928875882
3298 Elm Street,1972-10-30,emily.williams@sample.com,Alice,Smith,5588635567
6130 Wright Island,1994-07-05,alice.davis@test.com,Emily,Miller,4538414914
1756 Maple Ave,1988-03-14,hannah.miller@example.com,Bob,Brown,5212775344
4897 Maple Ave,1993-01-14,charlie.johnson@test.com,Frank,Williams,9180921129
9497 Maple Ave,1977-03-25,john.williams@mail.com,Alice,Williams,1598497250
9672 Oak Drive,1960-03-07,david.jones@mail.com,Charlie,Taylor,3940455928
4746 Oak Drive,1980-03-12,alice.jones@test.com,Alice,Wilson,5912092041
9538 Pine Road,1952-05-12,hannah.taylor@example.com,Emily,Wilson,7592844787
7527 Pine Road,1988-09-11,hannah.davis@test.com,Grace,Miller,4240271916
1540 Maple Ave,1967-11-23,alice.moore@sample.com,John,Smith,4490302401
3061 Elm Street,1980-10-25,jane.williams@example.com,Jane,Brown,3444376284
2971 Elm Street,2004-03-17,hannah.williams@sample.com,Emily,Brown,3747204846
5083 Elm Street,1959-12-04,bob.johnson@example.com,Alice,Johnson,6616018625
7702 Elm Street,1988-03-07,charlie.moore@example.com,Hannah,Moore,9595531465
1742 Pine Road,1966-04-15,grace.williams@demo.com,Alice,Johnson,4017875239
1176 Oak Drive,1989-03-27,john.moore@sample.com,Alice,Taylor,1707549279
5867 Oak Drive,1958-07-08,charlie.moore@test.com,Jane,Miller,6198474580
3136 Wright Island,1983-05-07,grace.williams@sample.com,John,Johnson,1350307766
4371 Pine Road,1982-06-21,hannah.wilson@test.com,Grace,Smith,9573292157
4138 Elm Street,1952-04-25,frank.miller@example.com,Frank,Williams,8010368086
8086 Oak Drive,1985-03-20,bob.johnson@mail.com,Jane,Moore,8463452457
8807 Oak Drive,2000-12-12,alice.smith@example.com,Emily,Smith,1625519713
9082 Elm Street,1979-08-03,frank.brown@demo.com,John,Wilson,4124272217
6661 Elm Street,1982-02-21,david.wilson@sample.com,John,Jones,2546005249
3425 Pine Road,1986-08-04,charlie.brown@mail.com,Charlie,Davis,2109607840
3646 Wright Island,1970-06-04,frank.miller@demo.com,Grace,Davis,8993552939
4986 Elm Street,1972-08-05,john.miller@mail.com,Charlie,Johnson,3607965488
7140 Elm Street,1950-01-02,john.taylor@test.com,David,Brown,3209217093
4832 Oak Drive,1963-10-05,charlie.williams@test.com,John,Smith,5753439248
7514 Maple Ave,1976-01-15,jane.brown@demo.com,John,Wilson,6032702131
9170 Wright Island,1961-03-31,frank.smith@sample.com,David,Johnson,5863716248
6593 Wright Island,1993-11-29,charlie.johnson@test.com,Frank,Davis,8166412604
8288 Wright Island,1989-08-24,john.williams@test.com,David,Johnson,2825341559
1404 Elm Street,1960-04-19,john.miller@sample.com,Alice,Taylor,6222357559
6474 Elm Street,1950-06-12,charlie.davis@demo.com,Bob,Williams,8015027040
7753 Elm Street,1979-05-04,john.williams@test.com,Alice,Miller,5511304326
9522 Elm Street,2004-07-01,grace.taylor@mail.com,Alice,Wilson,9837244204
9768 Pine Road,1951-06-16,charlie.davis@test.com,David,Jones,9778767818
1551 Pine Road,1969-03-11,jane.jones@mail.com,Jane,Moore,2902894130
5157 Pine Road,2004-11-12,david.taylor@mail.com,John,Taylor,4216710621
9931 Wright Island,1951-07-31,john.smith@demo.com,David,Moore,1609685044
8177 Elm Street,1983-02-24,david.taylor@mail.com,Alice,Taylor,6434647915
8931 Oak Drive,1973-07-31,grace.brown@mail.com,Hannah,Johnson,9536470140
4356 Pine Road,1999-09-12,bob.smith@demo.com,Frank,Brown,8674638981
1252 Pine Road,1956-02-11,emily.johnson@sample.com,Emily,Brown,6307697466
3274 Wright Island,1966-11-11,charlie.johnson@example.com,David,Wilson,7892192600
5484 Pine Road,1988-04-09,charlie.smith@demo.com,Bob,Williams,8460353259
6955 Maple Ave,1984-03-09,david.wilson@demo.com,Emily,Johnson,2523970254
7236 Oak Drive,1960-05-16,hannah.miller@demo.com,Emily,Jones,2376256207
8526 Oak Drive,1987-03-30,david.brown@mail.com,Alice,Johnson,2117954254
3787 Elm Street,1987-07-22,emily.smith@sample.com,Grace,Wilson,5772458298
4791 Wright Island,2002-04-17,jane.williams@mail.com,Frank,Smith,1693789233
4100 Maple Ave,1960-12-09,alice.smith@sample.com,Charlie,Wilson,3046635559
8051 Maple Ave,1983-02-04,frank.davis@test.com,Jane,Jones,5742504117
6232 Oak Drive,1980-05-26,john.brown@mail.com,Alice,Miller,1872899137
8809 Wright Island,1992-05-07,frank.miller@test.com,Grace,Moore,1165727779
6072 Elm Street,1969-10-12,charlie.williams@mail.com,Grace,Miller,9366320735
8676 Maple Ave,1957-03-03,grace.moore@example.com,Charlie,Davis,8662000281
5517 Oak Drive,2000-11-10,charlie.smith@example.com,Emily,Brown,7406989666
4207 Elm Street,1954-02-17,grace.williams@mail.com,Hannah,Brown,2614071263
8929 Oak Drive,1985-11-27,charlie.davis@mail.com,John,Jones,1391104336
9369 Pine Road,1986-04-06,alice.miller@example.com,Alice,Brown,8811225389
6722 Pine Road,1992-09-30,david.smith@sample.com,Grace,Davis,6029214636
2683 Oak Drive,1979-08-25,emily.wilson@demo.com,Alice,Smith,1872811414
1880 Wright Island,1991-11-13,alice.taylor@example.com,Emily,Jones,4869213656
6486 Maple Ave,1992-02-17,jane.miller@example.com,John,Smith,5549763647
2622 Pine Road,1956-03-07,bob.williams@sample.com,Grace,Johnson,8132341119
1755 Maple Ave,1977-03-18,bob.brown@example.com,Jane,Miller,8556900207
9222 Oak Drive,1965-12-18,frank.williams@test.com,Charlie,Johnson,5943357515
3799 Elm Street,1977-07-05,alice.brown@demo.com,Charlie,Davis,4281147912
2353 Pine Road,1972-12-06,john.davis@demo.com,David,Smith,8360190937
2038 Pine Road,1953-06-25,hannah.wilson@test.com,Alice,Johnson,5727904978
6009 Pine Road,1961-05-14,frank.miller@demo.com,Bob,Wilson,6951491539
9277 Maple Ave,1950-08-20,charlie.williams@mail.com,Frank,Davis,6377496456
8634 Wright Island,1991-12-02,bob.williams@sample.com,David,Brown,4744635513
8495 Oak Drive,1973-12-05,grace.jones@mail.com,John,Taylor,3125895792
1090 Pine Road,1979-02-07,bob.davis@test.com,David,Williams,9986136913
9338 Pine Road,1991-05-14,bob.miller@mail.com,Jane,Brown,8646596384
5131 Pine Road,1952-06-27,bob.smith@example.com,Emily,Smith,6227106152
7905 Maple Ave,1986-10-16,frank.moore@example.com,Alice,Smith,8408621723
7060 Maple Ave,1991-06-02,grace.miller@mail.com,Frank,Davis,3927177874
3689 Pine Road,1993-03-15,frank.jones@test.com,Grace,Miller,9158177760
4498 Pine Road,1982-07-31,charlie.miller@example.com,Alice,Davis,4454000959
3870 Maple Ave,1969-01-22,alice.davis@sample.com,Grace,Moore,4223629621
3292 Wright Island,1970-09-17,jane.davis@demo.com,Charlie,Davis,9800113612
1492 Elm Street,1992-04-28,bob.johnson@test.com,John,Brown,4884205404
2331 Elm Street,1961-07-10,emily.davis@test.com,Bob,Johnson,1008952291
6281 Wright Island,1953-11-14,frank.smith@test.com,Jane,Davis,7829325530
7578 Maple Ave,1976-03-29,grace.williams@test.com,Jane,Brown,6046991415
9394 Maple Ave,1967-11-09,bob.moore@test.com,John,Jones,2989602456
2644 Maple Ave,1990-07-15,bob.smith@test.com,Alice,Brown,6067769904
1806 Oak Drive,1961-06-16,grace.moore@example.com,David,Davis,3276443225
9933 Elm Street,1968-12-29,david.wilson@sample.com,Jane,Johnson,4947709031
6071 Wright Island,1952-06-12,hannah.moore@example.com,David,Brown,7507359595
1202 Wright Island,1992-08-29,frank.davis@example.com,Frank,Williams,2878200707
4628 Pine Road,1974-03-09,hannah.smith@mail.com,Emily,Johnson,7139088447
2116 Oak Drive,1953-01-15,charlie.brown@test.com,Grace,Miller,4415364012
7018 Oak Drive,1953-11-02,bob.miller@example.com,John,Taylor,3008080259
7074 Pine Road,1954-08-21,charlie.smith@mail.com,David,Jones,3723423312
7539 Oak Drive,1954-06-21,hannah.moore@mail.com,Hannah,Wilson,7795297816
7499 Pine Road,2004-07-21,emily.williams@demo.com,Frank,Taylor,6409586270
3563 Pine Road,1950-10-03,bob.miller@sample.com,Jane,Jones,7411404602
5802 Pine Road,1994-01-07,john.williams@mail.com,Charlie,Smith,6639749804
8306 Pine Road,1991-02-16,hannah.smith@sample.com,Bob,Moore,5610159431
7796 Maple Ave,2003-12-27,charlie.taylor@demo.com,John,Taylor,8126296966
9295 Maple Ave,1967-09-18,alice.smith@mail.com,Hannah,Brown,2979639612
3413 Elm Street,1968-01-11,alice.taylor@demo.com,John,Moore,5081156629
9465 Maple Ave,1977-07-15,emily.brown@test.com,Bob,Davis,2421202283
1506 Elm Street,1966-12-16,alice.johnson@sample.com,Frank,Brown,3579723835
3868 Maple Ave,1974-12-14,frank.jones@test.com,John,Moore,9380429720
9249 Elm Street,1954-03-26,jane.jones@sample.com,Jane,Wilson,3290137726
2684 Wright Island,1977-06-27,hannah.wilson@sample.com,Bob,Davis,3672813175
5733 Pine Road,1994-12-12,john.brown@test.com,Charlie,Jones,4934955251
9645 Wright Island,1961-01-22,charlie.moore@sample.com,Alice,Davis,5765930828
6312 Pine Road,1973-09-25,alice.smith@test.com,Emily,Williams,8977634543
9940 Wright Island,1978-09-30,john.moore@sample.com,John,Miller,6900089490
7314 Oak Drive,1967-01-11,frank.jones@demo.com,Emily,Davis,8236638535
1375 Wright Island,1987-09-14,jane.williams@demo.com,Alice,Jones,6829745372
8262 Maple Ave,1985-03-27,emily.brown@example.com,Emily,Brown,7883610606
6919 Wright Island,1976-02-27,grace.moore@mail.com,David,Johnson,7693083240
3877 Wright Island,1993-06-14,charlie.brown@mail.com,John,Wilson,8047746160
2283 Maple Ave,2001-09-23,grace.smith@mail.com,Emily,Brown,2254132958
9269 Oak Drive,1950-06-20,charlie.moore@example.com,Charlie,Smith,3014893885
5854 Maple Ave,1970-01-25,hannah.williams@demo.com,Jane,Wilson,7276588101
6866 Wright Island,1979-09-15,frank.wilson@example.com,Grace,Taylor,1832233180
3686 Wright Island,1992-01-07,jane.smith@mail.com,David,Moore,3956988724
5383 Elm Street,1961-01-01,grace.brown@sample.com,Grace,Wilson,2669160414
6920 Maple Ave,1967-01-09,david.smith@test.com,David,Jones,6630163974
2797 Maple Ave,1975-11-10,emily.smith@demo.com,Grace,Davis,3669582536
6795 Wright Island,1957-07-30,john.wilson@example.com,Hannah,Jones,1491458247
4044 Oak Drive,1974-03-21,david.smith@mail.com,David,Smith,6063485464
9239 Maple Ave,2004-07-10,emily.smith@sample.com,John,Davis,7358882353
7258 Pine Road,1976-02-06,jane.wilson@example.com,Bob,Brown,5432702697
7968 Elm Street,1958-12-25,hannah.jones@sample.com,John,Brown,9874185860
8457 Elm Street,1957-05-01,charlie.williams@sample.com,John,Williams,1191259268
7414 Maple Ave,1983-03-24,david.moore@demo.com,Charlie,Williams,9919918875
7614 Maple Ave,1983-02-17,alice.smith@sample.com,Alice,Taylor,5398833973
8462 Wright Island,1999-04-12,charlie.williams@demo.com,Frank,Miller,5092667098
5676 Maple Ave,1985-09-25,jane.moore@example.com,David,Wilson,8139768513
9167 Oak Drive,1971-04-22,david.davis@sample.com,Grace,Johnson,4192326413
9010 Pine Road,1959-09-22,charlie.davis@demo.com,Hannah,Williams,4382706753
3305 Pine Road,2004-03-14,grace.wilson@mail.com,Bob,Brown,1642981048
7164 Elm Street,1974-03-26,hannah.miller@sample.com,Jane,Johnson,8529665983
4904 Pine Road,1959-10-26,hannah.miller@example.com,Hannah,Miller,6121497929
2780 Maple Ave,1974-02-26,emily.taylor@demo.com,Alice,Brown,5348009954
8335 Wright Island,1977-12-02,jane.johnson@mail.com,David,Brown,3378777910
6140 Maple Ave,2000-03-30,hannah.johnson@mail.com,Bob,Brown,2267621746
6970 Elm Street,1956-01-10,grace.brown@example.com,Jane,Miller,4747628585
1466 Elm Street,1957-05-25,bob.wilson@example.com,Bob,Williams,3956793562
6733 Wright Island,2000-12-15,frank.davis@sample.com,Alice,Brown,3896200147
9014 Oak Drive,1996-10-22,alice.smith@example.com,Bob,Miller,4117940264
5563 Wright Island,1988-04-20,david.moore@demo.com,Jane,Smith,6034605604
5515 Wright Island,1962-02-20,jane.taylor@example.com,Hannah,Miller,6428051339
8066 Elm Street,1995-03-20,emily.wilson@mail.com,Alice,Williams,3787801127
1269 Oak Drive,1961-06-30,emily.williams@test.com,David,Wilson,2069289434
6461 Maple Ave,1975-05-06,jane.taylor@test.com,Emily,Smith,1635014274
1669 Oak Drive,1989-05-11,grace.smith@demo.com,Frank,Wilson,7797825179
5385 Oak Drive,1983-05-17,david.wilson@sample.com,Emily,Wilson,2077277861
7091 Pine Road,1989-05-10,alice.jones@example.com,Charlie,Davis,8508954948
4131 Pine Road,1973-06-26,david.smith@test.com,Hannah,Moore,5783101536
4119 Oak Drive,1965-07-04,emily.wilson@mail.com,Frank,Jones,4470957440
7601 Oak Drive,1965-11-17,jane.brown@demo.com,Frank,Jones,3611647065
4965 Pine Road,1995-09-06,grace.williams@sample.com,Bob,Wilson,9739993366
1939 Oak Drive,1986-10-24,grace.taylor@mail.com,Charlie,Williams,7642049682
3398 Elm Street,1969-11-06,jane.smith@mail.com,Charlie,Taylor,6069142233
7430 Elm Street,1985-05-24,charlie.wilson@demo.com,Emily,Smith,8559247480
7792 Wright Island,2005-02-18,frank.miller@mail.com,Jane,Brown,1120079719
6400 Maple Ave,1972-10-06,jane.taylor@mail.com,Grace,Johnson,6359440430
5093 Pine Road,1982-06-27,jane.williams@example.com,Frank,Davis,9798096746
3893 Pine Road,1955-12-09,david.moore@demo.com,Jane,Wilson,4012607142
4594 Pine Road,1986-06-21,grace.johnson@example.com,Alice,Wilson,7480284128
7910 Pine Road,1989-05-28,charlie.moore@example.com,Jane,Moore,6952299283
2073 Oak Drive,2004-02-07,frank.davis@sample.com,Grace,Williams,4149410266
9390 Oak Drive,2004-12-03,grace.johnson@example.com,Hannah,Williams,1629501783
2663 Oak Drive,1966-08-17,charlie.taylor@demo.com,Bob,Brown,4837976721
9051 Wright Island,1986-04-10,frank.davis@mail.com,David,Miller,1325603571
1959 Wright Island,2001-09-07,bob.williams@mail.com,David,Miller,3459810964
1304 Wright Island,1989-10-03,grace.taylor@test.com,Bob,Taylor,7972695819
8260 Oak Drive,1980-04-01,bob.davis@demo.com,Hannah,Davis,7205929773
1457 Pine Road,1964-07-02,jane.smith@test.com,John,Wilson,9497625217
5551 Oak Drive,1951-07-21,frank.brown@sample.com,Hannah,Moore,4835494166
9477 Oak Drive,1955-04-03,john.johnson@test.com,Jane,Johnson,6399109417
1896 Elm Street,1963-12-16,emily.wilson@test.com,David,Davis,2999215357
8895 Maple Ave,1957-11-04,charlie.jones@sample.com,Alice,Davis,7405947411
6050 Wright Island,1954-03-13,jane.brown@sample.com,Grace,Moore,7311051281
5179 Pine Road,2003-09-18,charlie.williams@sample.com,Jane,Wilson,4311475416
6714 Elm Street,2005-12-23,bob.moore@demo.com,John,Johnson,7801875772
8904 Oak Drive,1987-12-29,charlie.wilson@example.com,Alice,Jones,8728455338
3180 Elm Street,1983-06-22,frank.moore@sample.com,Charlie,Williams,5077715420
7701 Maple Ave,1972-11-18,emily.johnson@demo.com,Hannah,Johnson,9367872177
8938 Wright Island,2003-10-01,hannah.williams@mail.com,Frank,Davis,4238096766
7032 Elm Street,1965-06-10,grace.davis@test.com,Grace,Wilson,4931896893
3526 Oak Drive,1959-09-19,charlie.davis@demo.com,John,Miller,5321717814
7309 Maple Ave,1979-03-24,david.moore@demo.com,Charlie,Davis,4846239869
7269 Elm Street,1984-10-20,charlie.brown@mail.com,Charlie,Taylor,1129500809
6792 Pine Road,1966-01-09,emily.miller@demo.com,Alice,Moore,6872679692
9864 Oak Drive,1958-10-22,david.johnson@mail.com,Jane,Davis,3665291575
7777 Elm Street,1971-03-07,grace.williams@demo.com,Alice,Davis,8252398094
7076 Pine Road,1951-06-20,jane.miller@example.com,Bob,Miller,4152181594
4992 Wright Island,1980-03-26,charlie.jones@example.com,Grace,Brown,3803808839
8458 Elm Street,1986-02-09,john.brown@mail.com,Grace,Taylor,6126739134
6560 Oak Drive,1961-02-18,grace.wilson@example.com,David,Taylor,2229230377
6149 Maple Ave,1954-02-13,grace.taylor@mail.com,Charlie,Brown,5396763070
4870 Wright Island,1965-02-13,emily.johnson@mail.com,Charlie,Johnson,4338929015
1916 Elm Street,1986-06-20,david.taylor@test.com,Grace,Davis,5949254874
3970 Maple Ave,2002-07-08,charlie.miller@sample.com,Jane,Johnson,9139005950
6793 Wright Island,1969-10-17,david.jones@example.com,Hannah,Williams,6354350636
1250 Elm Street,1954-11-17,bob.davis@mail.com,Bob,Taylor,2879790986
8114 Wright Island,1963-11-04,hannah.johnson@test.com,John,Johnson,4844226166
5270 Wright Island,1989-05-05,alice.smith@mail.com,David,Davis,4456560791
2379 Maple Ave,1972-05-17,frank.moore@example.com,Emily,Jones,3927642435
2221 Maple Ave,1999-11-09,emily.johnson@example.com,David,Jones,7331902160
1731 Elm Street,1977-09-24,bob.jones@mail.com,Charlie,Smith,3522539041
1896 Wright Island,1998-02-02,charlie.jones@demo.com,Charlie,Wilson,2514216499
6086 Oak Drive,1951-10-08,hannah.jones@demo.com,Frank,Moore,4539406614
9806 Pine Road,1985-10-21,david.smith@example.com,Emily,Miller,4800888392
2051 Maple Ave,1971-01-18,hannah.jones@demo.com,Emily,Brown,8317333128
9486 Elm Street,1993-05-17,charlie.johnson@example.com,Emily,Moore,6339856151
9524 Maple Ave,1968-03-15,hannah.brown@test.com,Hannah,Williams,4960790670
2323 Wright Island,2005-11-25,alice.johnson@test.com,Alice,Miller,7582801703
7673 Oak Drive,1974-04-06,emily.johnson@sample.com,Jane,Jones,3399890127
1985 Pine Road,1967-02-08,emily.wilson@test.com,Hannah,Moore,1346040673
5800 Elm Street,1992-06-23,bob.wilson@demo.com,Alice,Taylor,2297252336
2628 Maple Ave,1956-11-06,bob.williams@demo.com,Bob,Johnson,7524037209
5506 Oak Drive,1999-05-04,jane.wilson@mail.com,Emily,Smith,1422179227
5715 Maple Ave,1971-11-30,john.williams@demo.com,Jane,Williams,9075814905
9759 Oak Drive,1993-05-07,alice.moore@demo.com,Grace,Brown,9090241083
7225 Maple Ave,1997-07-05,hannah.moore@sample.com,Charlie,Brown,5779559623
9363 Oak Drive,2003-01-24,grace.johnson@mail.com,Charlie,Smith,6329749809
4296 Pine Road,1982-11-18,emily.smith@sample.com,Jane,Johnson,4759368604
8195 Pine Road,1985-06-01,john.johnson@demo.com,Emily,Jones,8034712588
6280 Elm Street,1996-11-27,bob.brown@sample.com,David,Taylor,6411052959
3533 Maple Ave,1971-06-17,charlie.jones@sample.com,Emily,Williams,5299156109
4710 Oak Drive,1987-10-25,jane.miller@demo.com,Charlie,Jones,9658609875
9218 Oak Drive,1981-04-28,david.moore@test.com,Grace,Taylor,3790338049
2232 Elm Street,2005-12-13,emily.moore@demo.com,Grace,Jones,3191716300
1749 Oak Drive,1986-05-10,jane.jones@example.com,John,Jones,1247705394
9539 Elm Street,1992-11-21,bob.moore@demo.com,Emily,Johnson,7386689547
8546 Maple Ave,1965-12-21,grace.brown@test.com,David,Davis,2426327035
7553 Wright Island,1981-09-04,john.williams@demo.com,Emily,Williams,8144647034
5391 Elm Street,1987-01-17,charlie.smith@test.com,David,Davis,8987743604
8452 Wright Island,1966-02-06,alice.moore@example.com,Frank,Johnson,2756589348
7445 Pine Road,1987-12-29,alice.brown@example.com,Alice,Davis,5291122745
6986 Pine Road,1953-11-06,emily.jones@test.com,Grace,Moore,1712095012
1528 Elm Street,1960-01-16,frank.williams@demo.com,Emily,Moore,9511654264
8321 Maple Ave,1990-10-31,frank.brown@mail.com,Charlie,Johnson,8474872901
7998 Wright Island,1972-11-02,emily.johnson@test.com,Bob,Brown,4878578420
7119 Maple Ave,1974-06-20,grace.wilson@test.com,Frank,Johnson,7294290832
4235 Maple Ave,1954-12-30,alice.johnson@test.com,Bob,Taylor,3612816254
4742 Oak Drive,1977-11-11,john.brown@example.com,Charlie,Taylor,3008453793
7315 Elm Street,1986-11-27,hannah.taylor@test.com,Jane,Miller,6305492271
6461 Maple Ave,1991-07-15,grace.davis@test.com,Grace,Taylor,4260150985
8460 Maple Ave,1950-03-25,alice.johnson@test.com,Charlie,Wilson,8101354424
9422 Oak Drive,1961-09-27,emily.brown@demo.com,Charlie,Taylor,7932571957
7839 Wright Island,1965-12-09,hannah.moore@example.com,David,Williams,9333500299
3707 Wright Island,1966-07-31,emily.wilson@test.com,Charlie,Wilson,3359131829
8498 Pine Road,1993-07-14,emily.williams@mail.com,Bob,Smith,8146529527
2068 Wright Island,1990-01-21,hannah.williams@sample.com,Emily,Johnson,4460051206
3156 Pine Road,1996-08-08,charlie.williams@demo.com,Jane,Davis,9218834180
7324 Oak Drive,1961-11-16,alice.smith@example.com,Charlie,Brown,7295374469
8174 Wright Island,1981-08-14,emily.miller@test.com,Grace,Jones,2742947543
8294 Elm Street,1974-09-19,grace.miller@example.com,Grace,Williams,9184725111
1082 Elm Street,1954-07-02,emily.davis@test.com,Frank,Brown,5425489666
2730 Maple Ave,1953-06-30,david.wilson@example.com,Bob,Jones,8211221001
3646 Maple Ave,2004-03-28,jane.miller@sample.com,Frank,Wilson,7540047986
8125 Maple Ave,1983-10-16,david.johnson@demo.com,David,Taylor,2257718035
6795 Pine Road,1978-01-18,frank.davis@demo.com,David,Brown,2047587211
4613 Pine Road,1997-11-02,hannah.smith@sample.com,Jane,Taylor,2659173334
3447 Elm Street,2005-06-20,grace.smith@sample.com,Alice,Jones,6614011327
9302 Wright Island,2001-11-15,hannah.taylor@sample.com,Jane,Jones,6697419869
1557 Elm Street,1957-10-04,frank.wilson@demo.com,Charlie,Wilson,7140115161
4414 Elm Street,1967-05-30,david.moore@sample.com,John,Jones,8723684242
8863 Pine Road,1968-10-20,hannah.williams@test.com,Charlie,Davis,6089044598
8236 Wright Island,1954-01-28,emily.taylor@sample.com,Charlie,Jones,5838992376
9426 Wright Island,1995-06-12,john.taylor@demo.com,Alice,Moore,9960420099
7386 Wright Island,1998-07-03,jane.johnson@test.com,John,Moore,6291798914
3000 Pine Road,1952-02-27,david.williams@mail.com,Jane,Moore,1000489383
9615 Elm Street,2002-07-31,charlie.davis@mail.com,Charlie,Davis,9100981392
3039 Pine Road,1977-10-10,charlie.williams@mail.com,Grace,Jones,2407792499
3595 Elm Street,1976-08-29,hannah.jones@test.com,Charlie,Smith,5047989661
9892 Pine Road,1995-05-15,jane.williams@example.com,Emily,Miller,3978040107
7110 Pine Road,1974-07-18,charlie.smith@sample.com,Hannah,Smith,7913851429
4552 Oak Drive,2003-11-22,bob.brown@sample.com,Hannah,Smith,9346708238
2648 Wright Island,1983-10-14,john.miller@demo.com,Jane,Wilson,8147465514
5840 Elm Street,2000-02-23,david.miller@demo.com,Hannah,Smith,8590906531
2127 Elm Street,1981-07-01,john.davis@test.com,Bob,Jones,9394044777
3793 Oak Drive,1978-11-10,charlie.moore@example.com,David,Jones,9036036372
5313 Maple Ave,1952-10-31,john.brown@test.com,Jane,Wilson,2564482488
5000 Maple Ave,2002-05-19,bob.miller@sample.com,Jane,Davis,5053409720
9260 Pine Road,2002-01-08,grace.wilson@sample.com,Emily,Smith,3396303462
7250 Pine Road,1984-07-16,john.williams@example.com,Charlie,Brown,3695492614
4412 Oak Drive,1967-12-30,grace.wilson@demo.com,Frank,Smith,7890814737
6357 Elm Street,1952-01-17,alice.taylor@test.com,Alice,Miller,6761409360
4699 Oak Drive,2005-10-29,bob.smith@test.com,Emily,Johnson,7032446657
5187 Pine Road,1954-09-05,grace.davis@sample.com,Emily,Brown,7762544854
6259 Elm Street,1954-10-29,john.brown@example.com,Bob,Davis,8625071714
